0.000000000000000000e+00,2.494615408285567326e-01,2.455612377077100117e+00
4.310700363688902748e+00,5.608052411208204191e+00,6.453863281678001940e+00
7.080519279281105582e+00,7.521085330784027967e+00,7.716840318622728567e+00
7.749913542377713682e+00,7.639597199047144294e+00,7.345194232807625845e+00
6.894762988371391010e+00,6.412869905236220802e+00,5.912473471214413578e+00
5.241769440793762946e+00,4.418071719414559340e+00,3.613161964523089242e+00
2.687323380476943413e+00,1.634826824174589355e+00,5.362111746127796730e-01
-5.222280467798515735e-01,-1.761166459330310019e+00,-3.142160528934003771e+00
-4.402840283522724718e+00,-5.772244925940345439e+00,-7.332225578303027902e+00
-8.971284014669343776e+00,-1.048611801442468305e+01,-1.223865244554761134e+01
-1.411201231498794151e+01,-1.606864403747212577e+01,-1.819532028415495972e+01
-2.037558863052457525e+01,-2.274639148225103114e+01,-2.545413600198134674e+01
-2.805171058007915974e+01,-3.060040180375223784e+01,-3.334361583280072239e+01
-3.575697658322377492e+01,-3.829711480966403059e+01,-4.117755097544755927e+01
-4.413486929157917871e+01,-4.711623987769450395e+01,-5.027832731907741959e+01
-5.324884298228108293e+01,-5.635087457472295114e+01,-5.944823568034813377e+01
-6.254460947578419905e+01,-6.605780416965887980e+01,-6.845561910990527110e+01
-7.181220904702350083e+01,-7.472939720638522942e+01,-7.755152992734115003e+01
-8.038078620338897906e+01,-8.332714956912393234e+01,-8.518857633049027811e+01
-8.696153597108218491e+01,-8.931026372068799901e+01,-9.219663799648873237e+01
-9.422309024712885162e+01,-9.630103226013704898e+01,-9.789161326753648495e+01
-9.996215778836604215e+01,-1.018514194145513159e+02,-1.041623534065033425e+02
-1.059434746772747786e+02,-1.074531006605812564e+02,-1.088138194019435048e+02
-1.099240588611382634e+02,-1.111175824261829774e+02,-1.130156309667289634e+02
-1.144668294604024936e+02,-1.153899794096250275e+02,-1.162703350397188586e+02
-1.175225339440266765e+02,-1.185817638942946530e+02,-1.197740624226222224e+02
-1.208912251082578848e+02,-1.218755235351635946e+02,-1.229540483418196715e+02
-1.239810093699178424e+02,-1.245796553090078049e+02,-1.260980316590760424e+02
-1.267931646070742460e+02,-1.278478753530870762e+02,-1.287278747353858819e+02
-1.295869915600422360e+02,-1.305264559314495330e+02,-1.314178659762803534e+02
-1.326818425981958001e+02,-1.338977853811725822e+02,-1.352122321570340091e+02
-1.362473403032619217e+02,-1.370270985500093559e+02,-1.377587384617539215e+02
-1.387678090016689794e+02,-1.394046332260446945e+02,-1.401891387044936153e+02
-1.409330948063602591e+02,-1.412575681133390333e+02,-1.421483665586747520e+02
-1.427844262041779757e+02,-1.434190935892056302e+02,-1.439239622427247411e+02
-1.444595558456785795e+02,-1.452011922388675487e+02,-1.458463057555845808e+02
-1.464270134630550899e+02,-1.470499206557637990e+02,-1.475251983635256749e+02
-1.480810284265376708e+02,-1.487279703773097879e+02,-1.492424838670505665e+02
-1.498500656726804721e+02,-1.504233028797192162e+02,-1.510315833370814573e+02
-1.513914866775904784e+02,-1.520574267171951988e+02,-1.525742029278115695e+02
-1.532404355303781927e+02,-1.537766820864679858e+02,-1.541404546278575936e+02
-1.546909952854979622e+02,-1.553658641387714567e+02,-1.559704414426527990e+02
-1.564745659753851044e+02,-1.570911185206615812e+02,-1.577386048123239846e+02
-1.581864565809138696e+02,-1.589403438526301784e+02,-1.593408661075923476e+02
-1.599899628933447673e+02,-1.606430901342043001e+02,-1.611644270766709042e+02
-1.619294439607832885e+02,-1.626417046638850081e+02,-1.631941323365620917e+02
-1.635209142820755517e+02,-1.640528068710540310e+02,-1.643783787813575827e+02
-1.648851700603154598e+02,-1.654586839799204938e+02,-1.660258419155080674e+02
-1.662688906748350917e+02,-1.668115307229474524e+02,-1.672940600388950543e+02
-1.678166098034363642e+02,-1.682755662512404911e+02,-1.687271623602698583e+02
-1.691127489255812861e+02,-1.695778959635575518e+02,-1.701906980138363394e+02
-1.703092273537896801e+02,-1.707568441358327220e+02,-1.709186033602189241e+02
-1.712793742866604703e+02,-1.715994609141666558e+02,-1.716853348859749815e+02
-1.720370011532833701e+02,-1.722848275240892519e+02,-1.726215866029768335e+02
-1.729417037111277011e+02,-1.731849596058404188e+02,-1.733192794115693687e+02
-1.735868191934225422e+02,-1.737362675536576546e+02,-1.740739330209933655e+02
-1.742100375091036994e+02,-1.742637018276875835e+02,-1.742231482644901348e+02
-1.744790827893392020e+02,-1.742565326513670527e+02,-1.741787277629318851e+02
-1.738794229443369943e+02,-1.737472099183803493e+02,-1.735743437834819645e+02
-1.731054150746616358e+02,-1.726543733027535268e+02,-1.722875705455950879e+02
-1.719754306507331592e+02,-1.715141516077421784e+02,-1.710502476091344306e+02
-1.705834912420699823e+02,-1.701171046840079555e+02,-1.696193077455568243e+02
-1.690922070614812185e+02,-1.685986922305630742e+02,-1.680469447761264519e+02
-1.675860756771107845e+02,-1.670542744813712659e+02,-1.666563367363589521e+02
-1.656491179495765778e+02,-1.647539548426898932e+02,-1.641779228902080376e+02
-1.638177671801381621e+02,-1.630363745211310800e+02,-1.618772508574886899e+02
-1.609055052680969595e+02,-1.597506713260100639e+02,-1.589487352247528236e+02
-1.580072406972613237e+02,-1.567515888929524124e+02,-1.554134137514931524e+02
-1.542852914892899037e+02,-1.536307879461788843e+02,-1.525850836696665453e+02
-1.516430830345100276e+02,-1.506373890833284577e+02,-1.494522277609138996e+02
-1.486102213444978588e+02,-1.477077415151459547e+02,-1.468961029623988281e+02
-1.460657243030435382e+02,-1.450659397505287416e+02,-1.443183955578177518e+02
-1.430266303631640312e+02,-1.420098265432324638e+02,-1.411612089557395109e+02
-1.402025461643029587e+02,-1.395925398420793329e+02,-1.388438370643532949e+02
-1.381530729577238787e+02,-1.373223129645014353e+02,-1.361986477024257169e+02
-1.352791730453026560e+02,-1.345626689951333219e+02,-1.341944052881448499e+02
-1.337846962307101251e+02,-1.333926817588499318e+02,-1.326109785219775290e+02
-1.318280676143012897e+02,-1.313041364282863412e+02,-1.308092058855210666e+02
-1.303464058658742601e+02,-1.296985150914132703e+02,-1.293329550116055486e+02
-1.290176484990258530e+02,-1.285507182219972435e+02,-1.278366992041562327e+02
-1.274655476907203564e+02,-1.274644583672514528e+02,-1.272112877062052263e+02
-1.267506208104119310e+02,-1.264648408778274700e+02,-1.265346090233635863e+02
-1.262007563465358118e+02,-1.254370448996320278e+02,-1.251560650940420203e+02
-1.254004270186174637e+02,-1.254313188288218157e+02,-1.251277010657338877e+02
-1.247660642383377763e+02,-1.247723851391864258e+02,-1.247489071465723356e+02
-1.247834913951569860e+02,-1.250604000734008565e+02,-1.255305737972411180e+02
-1.255993527147093687e+02,-1.257962493253038900e+02,-1.258660276592604674e+02
-1.259348658417986826e+02,-1.260961625774719295e+02,-1.263981198877922196e+02
-1.262771534467485708e+02,-1.264817670866469967e+02,-1.267908270422227730e+02
-1.272232267536046493e+02,-1.276813021671386679e+02,-1.279333446594944945e+02
-1.281277694616111376e+02,-1.283348984247820397e+02,-1.287675844171260735e+02
-1.295290108310684900e+02,-1.297900999506204585e+02,-1.305247337359177493e+02
-1.307813381050817156e+02,-1.311183888631525747e+02,-1.314981254475061405e+02
-1.317237322473002905e+02,-1.316334523388055686e+02,-1.322844733821901002e+02
-1.327964288136647042e+02,-1.334084227542399503e+02,-1.337885351449789653e+02
-1.343095769277763623e+02,-1.342285695658937641e+02,-1.348070607070686151e+02
-1.354230230852311934e+02,-1.359125026352122916e+02,-1.364784231080353720e+02
-1.368724068801601845e+02,-1.373718421177000266e+02,-1.374516401154266418e+02
-1.376487561279267027e+02,-1.382513150827331287e+02,-1.387785793212786984e+02
-1.389183204382010501e+02,-1.390928875388910058e+02,-1.393044818633682667e+02
-1.396283457018779472e+02,-1.404294494893906347e+02,-1.411948731336052276e+02
-1.414807654296442934e+02,-1.418003012090622974e+02,-1.421543304879785126e+02
-1.424914115884607781e+02,-1.426230105338907492e+02,-1.431169611128128167e+02
-1.436636164999815435e+02,-1.443785263795053311e+02,-1.446764101111280922e+02
-1.450178030706256038e+02,-1.453434160018626642e+02,-1.457414379949388774e+02
-1.457930255051647919e+02,-1.460591392077526791e+02,-1.464017492749503617e+02
-1.467809553078890588e+02,-1.470944954963224802e+02,-1.473643105171141485e+02
-1.476460100352244353e+02,-1.477451572790493799e+02,-1.479836327411052537e+02
-1.484724378190092864e+02,-1.486438839767475315e+02,-1.493025065788498011e+02
-1.496115091523657838e+02,-1.499903726109202466e+02,-1.503130211019658020e+02
-1.508126227273544941e+02,-1.511441539784328825e+02,-1.516539853399604567e+02
-1.519360660046971532e+02,-1.525542314466904656e+02,-1.529613777267327919e+02
-1.533480731870886018e+02,-1.537995283426490118e+02,-1.543152482163246759e+02
-1.544084653278551400e+02,-1.549916703526809272e+02,-1.550454567629533358e+02
-1.553540744134251668e+02,-1.560128778873310580e+02,-1.559009717091635139e+02
-1.562858440478430850e+02,-1.565055100317808581e+02,-1.569978574037037049e+02
-1.570040788573854229e+02,-1.572336615720414272e+02,-1.575236858338084005e+02
-1.577911830159619342e+02,-1.577876177659526036e+02,-1.579513677579959676e+02
-1.582092107528355029e+02,-1.584212312280484980e+02,-1.586666949514914506e+02
-1.591581822688757768e+02,-1.591097506721985155e+02,-1.591833808525676943e+02
-1.593428553825517895e+02,-1.594707613734244944e+02,-1.597270617424647412e+02
-1.601418518303785845e+02,-1.605301034712744581e+02,-1.606700756971841031e+02
-1.608063564034270883e+02,-1.605390329412150834e+02,-1.606778910844075767e+02
-1.611618477518040606e+02,-1.611999606286636038e+02,-1.613495927287833922e+02
-1.614276987845273084e+02,-1.615065244604874692e+02,-1.611970268957632300e+02
-1.608919105644827425e+02,-1.608559923393524116e+02,-1.606801463709537643e+02
-1.608495153275061398e+02,-1.605369763466429163e+02,-1.605415562963807190e+02
-1.605870295680691697e+02,-1.605047257226827924e+02,-1.603807037560906963e+02
-1.602378417927648115e+02,-1.603315470161977316e+02,-1.602703630706986644e+02
-1.600176846132071375e+02,-1.599615916159175981e+02,-1.599023932923203688e+02
-1.598327616463622007e+02,-1.597063905698463770e+02,-1.596135633872179653e+02
-1.596560422703354050e+02,-1.595080608859205995e+02,-1.594516911829914818e+02
-1.590853435960254671e+02,-1.589050218079841557e+02,-1.586636995622757809e+02
-1.585365149659478448e+02,-1.582307850114509336e+02,-1.575646489143224187e+02
-1.572727978670419873e+02,-1.566669795074657259e+02,-1.563931447735747327e+02
-1.562383102792126408e+02,-1.563195941174977577e+02,-1.561088374768971221e+02
-1.555631051374665503e+02,-1.551638592559312428e+02,-1.551696245714447571e+02
-1.548516248823668207e+02,-1.544555237479397078e+02,-1.543211450326840009e+02
-1.539232006567260953e+02,-1.536056487385085063e+02,-1.533697183856166646e+02
-1.529652805779190032e+02,-1.527519624582943152e+02,-1.524008980820173065e+02
-1.517178442347380098e+02,-1.512260464517387675e+02,-1.513070634074156260e+02
-1.510323753274535363e+02,-1.506318657706475790e+02,-1.499034210506499676e+02
-1.494387748210067173e+02,-1.491862023669412736e+02,-1.487933694150971462e+02
-1.484265787605123421e+02,-1.484264733580509414e+02,-1.478681007277633057e+02
-1.478011801004987547e+02,-1.477451985451330359e+02,-1.472028919506354043e+02
-1.471537801509776386e+02,-1.467736606268364596e+02,-1.465020331340362532e+02
-1.462900682556310414e+02,-1.460439883618060151e+02,-1.456494423533184772e+02
-1.455132851426138529e+02,-1.452391092655809359e+02,-1.452321333219407222e+02
-1.452128030215285150e+02,-1.451894609036444308e+02,-1.451667018704427505e+02
-1.447494651522970628e+02,-1.443829424221514728e+02,-1.445505139898704101e+02
-1.445177843210668698e+02,-1.440854289031294684e+02,-1.438963450591666060e+02
-1.439943902705670951e+02,-1.438266584663195999e+02,-1.436180868647115858e+02
-1.433586262521972117e+02,-1.434484683487312395e+02,-1.430238422725306862e+02
-1.427468609510259228e+02,-1.426646220903831193e+02,-1.427349257416895512e+02
-1.426092559346278961e+02,-1.424124409124422925e+02,-1.423340093415995113e+02
-1.416594814275264866e+02,-1.411285520173033490e+02,-1.410966508381516462e+02
-1.408681408518184810e+02,-1.411813052831775792e+02,-1.406957964924246198e+02
-1.406010988906720343e+02,-1.401197669367410015e+02,-1.400868541926695627e+02
-1.399201194352110349e+02,-1.400597855535011718e+02,-1.399291767899638614e+02
-1.398612594639454016e+02,-1.398650344783180230e+02,-1.401305099721272711e+02
-1.395439320012764313e+02,-1.394332476261419629e+02,-1.398595055229027935e+02
-1.400442993205018070e+02,-1.396210090868448503e+02,-1.396020297752541524e+02
-1.395829277761553158e+02,-1.393301513613226632e+02,-1.392924407236555169e+02
-1.393808382104724046e+02,-1.395061786830161168e+02,-1.394707227316452816e+02
-1.398396206811651723e+02,-1.400748290751408547e+02,-1.402089823178959591e+02
-1.400606887087204200e+02,-1.401454546653564819e+02,-1.401544664195700420e+02
-1.400079342784098628e+02,-1.399792517350417143e+02,-1.400122994708086992e+02
-1.403310597786148435e+02,-1.402922497243798148e+02,-1.405093327188319847e+02
-1.408907609103609104e+02,-1.410480993323403993e+02,-1.411864818023624366e+02
-1.413567104904357166e+02,-1.419007023097992146e+02,-1.420823985529117408e+02
-1.419736041737012897e+02,-1.422174172815159068e+02,-1.425002423308567927e+02
-1.432221518981863824e+02,-1.434030491975975394e+02,-1.434751552222624866e+02
-1.435251656412767431e+02,-1.434277208144326607e+02,-1.434553581495639776e+02
-1.437296457976634940e+02,-1.442400919471157295e+02,-1.443339807000888868e+02
-1.444784558825430452e+02,-1.447400095815704333e+02,-1.450424484240598701e+02
-1.452236362595531034e+02,-1.454257600734979690e+02,-1.455067878656970777e+02
-1.460241863918300282e+02,-1.462847031215876541e+02,-1.463874449744266713e+02
-1.467275224867887005e+02,-1.467945963509336877e+02,-1.468138855603610580e+02
-1.466729067990242186e+02,-1.471038265002878518e+02,-1.470706006471914407e+02
-1.473675333442919282e+02,-1.475777735834054738e+02,-1.479409712263138204e+02
-1.479596573049683172e+02,-1.481396533196044345e+02,-1.485043502288532409e+02
-1.483094368815011705e+02,-1.483010987832804517e+02,-1.486999890699608784e+02
-1.489298453768221293e+02,-1.492521967807309693e+02,-1.494470702494082843e+02
-1.500219676112955653e+02,-1.501704288226192716e+02,-1.503600624360136635e+02
-1.505642826676296693e+02,-1.507236923839462861e+02,-1.505194207682300203e+02
-1.524807024740866837e+02,-1.518393532547184464e+02,-1.515545901326229910e+02
-1.523637546030673775e+02,-1.577945310603234645e+02,-1.576295253414639888e+02
-1.583411878211275905e+02,-1.578179028988863308e+02,-1.576011578727271853e+02
-1.576636297657173600e+02,-1.579127308712135118e+02,-1.572104569917514993e+02
-1.566876272221468014e+02,-1.568063004018165998e+02,-1.564555218407773509e+02
-1.563331860364765475e+02,-1.564259124980727620e+02,-1.563081611827470567e+02
-1.561484408294140565e+02,-1.559423855254100317e+02,-1.557965243277016612e+02
-1.558838168461863631e+02,-1.556335010243280976e+02,-1.552887616537214228e+02
-1.552995960772878448e+02,-1.548212368473129459e+02,-1.546989001500072334e+02
-1.545977900031319052e+02,-1.542352702645735860e+02,-1.544479509844275071e+02
-1.540752756416099771e+02,-1.537303551137168540e+02,-1.539108339288813738e+02
-1.538916553621959054e+02,-1.539529172886263382e+02,-1.537628325604720771e+02
-1.531735177045223395e+02,-1.530181717704274433e+02,-1.527934169588161524e+02
-1.526293305303383079e+02,-1.523303591905109329e+02,-1.521642003193171888e+02
-1.519793285345216418e+02,-1.519960168007549157e+02,-1.521380582113407911e+02
0.000000000000000000e+00,6.475637643315252490e+00,6.542850703598512396e+00
5.379395000038773134e+00,3.998547730000488798e+00,2.733449666887364682e+00
1.109775901698303313e+00,-1.021067045430796627e+00,-2.906607149547992375e+00
-4.912918733187532361e+00,-7.024046131826652939e+00,-9.027304106704377773e+00
-1.067235728519858817e+01,-1.282915109035731227e+01,-1.525098630805213951e+01
-1.718962497549593138e+01,-1.924306580448696380e+01,-2.113542319248925594e+01
-2.288183120857913622e+01,-2.473185368771878245e+01,-2.651064243871660153e+01
-2.841270652971896737e+01,-3.003349972291561087e+01,-3.141139018933885652e+01
-3.359826290350637379e+01,-3.564232027689378413e+01,-3.741377723623163831e+01
-3.896391349991088049e+01,-4.005991038999376741e+01,-4.144617215261087040e+01
-4.290287599038724409e+01,-4.473478345928148059e+01,-4.604842957521930202e+01
-4.726033573614456174e+01,-4.842818946993955365e+01,-4.973619567813884146e+01
-5.059779541024347793e+01,-5.167003528917873467e+01,-5.248227884284113287e+01
-5.297003419965313498e+01,-5.325227823263197280e+01,-5.425792185494809416e+01
-5.484612413421537980e+01,-5.543005750760121941e+01,-5.604015332160170715e+01
-5.617378064951414984e+01,-5.649681162323852845e+01,-5.667971077060769858e+01
-5.686496912967071182e+01,-5.696475806947130849e+01,-5.653722366903988927e+01
-5.659294492580941949e+01,-5.643239742752577115e+01,-5.609953469422675454e+01
-5.568101077198232218e+01,-5.528379757140781692e+01,-5.457449333555360482e+01
-5.401338858631500983e+01,-5.351127250097351862e+01,-5.306322625718355823e+01
-5.233664962931641185e+01,-5.159644214587110156e+01,-5.074956426495247541e+01
-4.995809211269197192e+01,-4.906813119054539385e+01,-4.815292721406072474e+01
-4.726127424016776502e+01,-4.647641074881517653e+01,-4.559697717128003802e+01
-4.451730782013838450e+01,-4.357923039994980741e+01,-4.268610938646953201e+01
-4.193152872487133465e+01,-4.097875488577422942e+01,-4.009320684432867665e+01
-3.917212788239982757e+01,-3.830951495812835361e+01,-3.749494485960993018e+01
-3.655003221572660976e+01,-3.561012266809352411e+01,-3.476372537167681998e+01
-3.386407892526485597e+01,-3.312477446011241966e+01,-3.199202300330424364e+01
-3.116697304614008956e+01,-3.022932937946703902e+01,-2.933894308012341412e+01
-2.831807886356186899e+01,-2.746016844838090876e+01,-2.651326900076847792e+01
-2.537203291708125619e+01,-2.433123320440323667e+01,-2.317230578157570520e+01
-2.213060005920256756e+01,-2.115552238746841240e+01,-2.027032129911817293e+01
-1.926042269778709581e+01,-1.838563087214473413e+01,-1.748523980685553880e+01
-1.667047487273979911e+01,-1.601336828833809989e+01,-1.497717266171938633e+01
-1.407416384708703916e+01,-1.332424046042387289e+01,-1.259969776061113222e+01
-1.185522886765794937e+01,-1.092562702802594643e+01,-1.009069451536337070e+01
-9.271155016642667945e+00,-8.398798329102289628e+00,-7.640540370283489757e+00
-6.836901968396376539e+00,-6.008956907014454174e+00,-5.430270879869987688e+00
-4.695854940859376825e+00,-4.004222692467065414e+00,-3.266576025396981553e+00
-2.808886079245657807e+00,-2.107947235993997470e+00,-1.520108465442653767e+00
-7.104103234987452220e-01,-7.853630503484475278e-02,3.175405967571174881e-01
1.029734042348478651e+00,1.727563413185402297e+00,2.441629431834981823e+00
3.000153392277488784e+00,3.637266721149076787e+00,4.288228633997321460e+00
4.714789015752160140e+00,5.518439479107788870e+00,5.844007040448701673e+00
6.616432838180210219e+00,7.229634255863702563e+00,7.673935435771912061e+00
8.453789333907890224e+00,9.143451465587657978e+00,9.578955793736152913e+00
9.661960141811771763e+00,1.001990684708819401e+01,9.994631419619897983e+00
1.032927805882783368e+01,1.067789550830397971e+01,1.104832253782330476e+01
1.091312615535185593e+01,1.117404079072605860e+01,1.131030597073016786e+01
1.145150118107348902e+01,1.157278856624547103e+01,1.178963721412898025e+01
1.182048040900970598e+01,1.199043631255360332e+01,1.234446000392727072e+01
1.212132845058808073e+01,1.226900441992057367e+01,1.194995355123186798e+01
1.201697764419356140e+01,1.208614024156589117e+01,1.185969477660543703e+01
1.186864435733654588e+01,1.178683542721689648e+01,1.194266903385363499e+01
1.198435264266557532e+01,1.196442222518479603e+01,1.180154075226116639e+01
1.183589089549774975e+01,1.174281944546218703e+01,1.174519387709052864e+01
1.156265492737250078e+01,1.126369019670987370e+01,1.093648379317404817e+01
1.091094478399288725e+01,1.031220900704884968e+01,9.891692952017793417e+00
9.202726858971693957e+00,8.798229161594626646e+00,8.292786208320292118e+00
7.606327176569984694e+00,6.894298112737510031e+00,6.308372729547072844e+00
5.930270409939134346e+00,5.453140908225827310e+00,4.902509341933849463e+00
4.383315002809738736e+00,3.892941509445562609e+00,3.391881382893314978e+00
2.869964205099503562e+00,2.410030128070778765e+00,1.950049565465596935e+00
1.586894512822699443e+00,1.164155306017039093e+00,8.662284243481225277e-01
4.215395489013261388e-02,-7.371043187245082118e-01,-1.288002958258438913e+00
-1.585844064444711377e+00,-2.145231819726257427e+00,-2.869067144208410358e+00
-3.440870391941910800e+00,-4.148532842091004369e+00,-4.603012241820773731e+00
-5.067024239145019315e+00,-5.820257922250192451e+00,-6.506967193534965332e+00
-7.192662078871677522e+00,-7.518642764164789938e+00,-8.083894516699055899e+00
-8.550530747322095948e+00,-8.989062005179171422e+00,-9.602615991573388854e+00
-1.005290148500047387e+01,-1.045014772392809377e+01,-1.090253416352929072e+01
-1.135622816372368504e+01,-1.173459933712447167e+01,-1.214822445164370812e+01
-1.273389381145648969e+01,-1.312532977440962334e+01,-1.359079177971106489e+01
-1.403725265575217485e+01,-1.439230166929125687e+01,-1.472761902411137847e+01
-1.515219755948843172e+01,-1.543636233120817991e+01,-1.588453274472696641e+01
-1.623498574613153878e+01,-1.659029666047407403e+01,-1.699460851092447200e+01
-1.736551681576596096e+01,-1.761513901043482733e+01,-1.791370211757351782e+01
-1.824114016836155727e+01,-1.864638299689682910e+01,-1.896670027044543616e+01
-1.922253593019705775e+01,-1.954528999065052375e+01,-1.980078276151852990e+01
-2.010059231727243656e+01,-2.034192411136359269e+01,-2.055841913747792660e+01
-2.079374698518524056e+01,-2.100016465361485629e+01,-2.124950717832442493e+01
-2.150598241840845759e+01,-2.176373299432484387e+01,-2.187726564735331891e+01
-2.210853333233740514e+01,-2.224844269859734780e+01,-2.233764304251142363e+01
-2.252155212408051455e+01,-2.263208194030801579e+01,-2.270869067397783070e+01
-2.277432317794926320e+01,-2.290057301338912055e+01,-2.298170971461528111e+01
-2.309016822286486814e+01,-2.309040511119759742e+01,-2.313014442833475925e+01
-2.313991444152396681e+01,-2.319242428542160184e+01,-2.318991327078837372e+01
-2.323810826895870107e+01,-2.321585280970796816e+01,-2.324165722046225113e+01
-2.328673593701855182e+01,-2.333724137657358355e+01,-2.333484910047286931e+01
-2.318404098530116286e+01,-2.306757780321829898e+01,-2.292365379163577543e+01
-2.292431322871956922e+01,-2.283254279985541402e+01,-2.262228774172250212e+01
-2.245522029393475805e+01,-2.225175873117381897e+01,-2.202080148461393350e+01
-2.183732963152886342e+01,-2.157132376314223521e+01,-2.139619585822686432e+01
-2.124429624852100318e+01,-2.121048223044309466e+01,-2.093946610302673506e+01
-2.068229339225289110e+01,-2.042194630172025427e+01,-2.026926559837256647e+01
-2.009100334491193962e+01,-2.005671771096195144e+01,-1.988112841503942718e+01
-1.954821503155221762e+01,-1.912734816397741966e+01,-1.878866807430699737e+01
-1.848502527738519774e+01,-1.822776617319474468e+01,-1.793565127404850656e+01
-1.770403951020507449e+01,-1.736740905149424563e+01,-1.701679229438699892e+01
-1.685703201381634386e+01,-1.670200757921035617e+01,-1.636705411456640746e+01
-1.608816379609523395e+01,-1.556965999831061964e+01,-1.513347242716143271e+01
-1.494672493558713988e+01,-1.467705155554867780e+01,-1.432596293096910500e+01
-1.400567391910133175e+01,-1.383659521939176251e+01,-1.339750567774433421e+01
-1.289679325627146511e+01,-1.236898229628173596e+01,-1.216058713213979559e+01
-1.182451449395486343e+01,-1.153173118658766860e+01,-1.125570588517803650e+01
-1.109924091062501184e+01,-1.076617487901824610e+01,-1.057522523722884955e+01
-1.021616297212795388e+01,-9.945333925765309502e+00,-9.681566937221647962e+00
-9.336502741026331265e+00,-9.212134713989161838e+00,-8.929374643273694900e+00
-8.489747188869909422e+00,-8.311914927008057674e+00,-7.730344752530091235e+00
-7.481076042362263756e+00,-7.250288146669040756e+00,-7.025964137417255451e+00
-6.541442050294546284e+00,-6.322662303483495450e+00,-5.823359989022656613e+00
-5.578966414909558580e+00,-5.173895118773224944e+00,-4.824326427860593292e+00
-4.530747854924753071e+00,-4.163688278725541814e+00,-3.723647464577481081e+00
-3.594719125536812498e+00,-3.161429419928897477e+00,-3.298272682555848601e+00
-3.168714518158524118e+00,-2.684108859213484521e+00,-2.776859102889776221e+00
-2.382706074608349489e+00,-2.222714596690437361e+00,-1.787749899989416802e+00
-1.798229148776460118e+00,-1.688628807840296009e+00,-1.480503091801177895e+00
-1.334994614298941729e+00,-1.473441120483053091e+00,-1.336770287461910955e+00
-1.201830102738695727e+00,-1.066599382214733716e+00,-9.486204072454280656e-01
-6.921965351183398951e-01,-7.971361918717443373e-01,-7.890266655032489584e-01
-6.643519309348066004e-01,-5.722108766214797360e-01,-4.122048786236378604e-01
-1.151506496445279665e-01,1.108699502667332554e-01,1.532600017941949111e-01
1.494907053373216166e-01,-1.692081798055983244e-01,-1.178561623794925212e-01
1.926786544180993654e-01,1.052361508161377274e-01,8.011258473284650627e-02
3.490203890692863964e-02,3.512084514578259209e-02,-2.993655031070499573e-01
-6.163826467274816645e-01,-6.146406580807208808e-01,-8.530806465034508346e-01
-8.816179072623098190e-01,-1.179625337731291301e+00,-1.252288660749153903e+00
-1.287909888924142043e+00,-1.384218455191879249e+00,-1.472034269403044382e+00
-1.618521459866305134e+00,-1.618565097921188523e+00,-1.696465201053942717e+00
-1.918791465236791893e+00,-2.031401838061445364e+00,-2.143125149352878012e+00
-2.261156729477470595e+00,-2.339284667428891851e+00,-2.435114415677550159e+00
-2.504569013928460652e+00,-2.759972250241358172e+00,-2.899552086626485448e+00
-3.213400011495758601e+00,-3.315558169771383401e+00,-3.570448884355694297e+00
-3.709559924568249123e+00,-3.957426751862168857e+00,-4.292044461388491605e+00
-4.476679029900241247e+00,-4.867479084994073446e+00,-5.112251042226578335e+00
-5.401573543021958912e+00,-5.334778138111476942e+00,-5.467885724854212093e+00
-5.865208973745822618e+00,-6.118961714200056967e+00,-6.175957705698867706e+00
-6.348655270017374619e+00,-6.564106679209234407e+00,-6.672809104209759923e+00
-6.914920873705741045e+00,-7.123527579303346791e+00,-7.367784584592199870e+00
-7.583097485637208202e+00,-7.738861905082076831e+00,-7.883010990177420574e+00
-8.141527944584904475e+00,-8.439685834552038912e+00,-8.437532644964019113e+00
-8.639049039738056379e+00,-8.865600864220535726e+00,-9.297177096084038084e+00
-9.431805986616062398e+00,-9.594675900716802985e+00,-9.773452460928339747e+00
-9.945183279227284956e+00,-9.987834847724867515e+00,-1.031841863971669149e+01
-1.038003830574088227e+01,-1.046062395967742198e+01,-1.073452161521449710e+01
-1.081278407847095480e+01,-1.107711356742584741e+01,-1.123661436253316737e+01
-1.139691400243016162e+01,-1.163744396270981163e+01,-1.177814175829709242e+01
-1.189369070091935221e+01,-1.196081768206401641e+01,-1.199430944497624729e+01
-1.205380694754339466e+01,-1.211867945036270378e+01,-1.224529775940305676e+01
-1.248915828146551732e+01,-1.263450956728879149e+01,-1.264513198925210702e+01
-1.268895067561072310e+01,-1.293899389210215212e+01,-1.307039526282588504e+01
-1.308770278810674093e+01,-1.317913561603520733e+01,-1.338698504277041401e+01
-1.357633475174957205e+01,-1.365227530546248502e+01,-1.387580724301807855e+01
-1.398477433068702069e+01,-1.411894662621767260e+01,-1.412671143388308614e+01
-1.418598347435019136e+01,-1.429958626416643241e+01,-1.433643357932151297e+01
-1.461049735435543262e+01,-1.482801029940923776e+01,-1.491321040964537659e+01
-1.496379166440727637e+01,-1.488290348451561762e+01,-1.507656152217755796e+01
-1.511270895463625763e+01,-1.533222866505293425e+01,-1.543621155421466717e+01
-1.545092892604135493e+01,-1.553319000370572134e+01,-1.556298398219097123e+01
-1.557578350981117588e+01,-1.565653215302907597e+01,-1.559411349783749223e+01
-1.575590580031687082e+01,-1.574663730081864088e+01,-1.561122166334759243e+01
-1.559097928138107747e+01,-1.565418204776352518e+01,-1.567751150170486518e+01
-1.565279903444975140e+01,-1.575601973241459142e+01,-1.564674627864519252e+01
-1.561655912392087586e+01,-1.554474150858005110e+01,-1.555703460015354622e+01
-1.547123948820602735e+01,-1.547696391652950609e+01,-1.548116040909252078e+01
-1.559525695694569158e+01,-1.547913568855092237e+01,-1.534478705659121189e+01
-1.542331752827539404e+01,-1.543021554281449603e+01,-1.536022787193071437e+01
-1.520663141583989919e+01,-1.505876829189323551e+01,-1.500117126320777672e+01
-1.472113114069376394e+01,-1.456740498908886927e+01,-1.447028652500258517e+01
-1.433216536172362865e+01,-1.397087150573751124e+01,-1.403534330727799251e+01
-1.402244431634579236e+01,-1.393888388405563994e+01,-1.376955084078335467e+01
-1.342168448260023972e+01,-1.336807077982084913e+01,-1.328238925401046444e+01
-1.306936742320431755e+01,-1.308995980330528219e+01,-1.287071307022609545e+01
-1.264943913868360603e+01,-1.239457378992178072e+01,-1.236622717052247289e+01
-1.225279639303558277e+01,-1.203645891231130172e+01,-1.184819529408038363e+01
-1.165311186484273875e+01,-1.154465988388540154e+01,-1.142896042459327255e+01
-1.106780995319596528e+01,-1.092361048968421144e+01,-1.083376667378785640e+01
-1.060782345031170415e+01,-1.051428686123625411e+01,-1.037357214588516641e+01
-1.038346446364413467e+01,-1.014289854673835656e+01,-9.976948892429174265e+00
-9.738272640337045871e+00,-9.571880041943851225e+00,-9.336076646482428743e+00
-9.293392494710966290e+00,-9.098390871289534942e+00,-8.958826124197521779e+00
-9.047009379723066402e+00,-9.011879151810596511e+00,-8.768758344169617303e+00
-8.669653753551770592e+00,-8.447882093785809232e+00,-8.321339604019259539e+00
-7.972928844267286763e+00,-7.889392567738990891e+00,-7.732615251934623402e+00
-7.642400600572442748e+00,-7.469525062834502016e+00,-7.090330928509911423e+00
-7.233578551527630296e+00,-6.970739178097240973e+00,-6.788868400394876268e+00
-6.941207655660294407e+00,-1.165246526563538687e+01,-1.118159064192027685e+01
-1.086781122253410459e+01,-1.060411314204960931e+01,-1.036873890528632991e+01
-1.033326805886734867e+01,-1.001920147884592538e+01,-1.006355975851019302e+01
-1.013760650531912866e+01,-9.767383226964927445e+00,-9.587145109511228114e+00
-9.450031750780180317e+00,-9.237327837160439259e+00,-9.052851674040397256e+00
-9.064532930140828171e+00,-8.948352673542833813e+00,-8.892275101446941221e+00
-8.610223102653307592e+00,-8.563107775116744591e+00,-8.592504680788929150e+00
-8.396523019540721222e+00,-8.562873320772260044e+00,-8.546880501458012702e+00
-8.443857169412721575e+00,-8.513627607163710920e+00,-8.242935037113152674e+00
-8.360768064616273421e+00,-8.456532742985141127e+00,-8.286143371435972682e+00
-8.210633032027709888e+00,-8.150904570333160848e+00,-8.211018403008239375e+00
-8.471338763802274130e+00,-8.398664600909087952e+00,-8.467790779057070338e+00
-8.457924879150674258e+00,-8.528476903212629523e+00,-8.634470048214602400e+00
-8.677543303846428913e+00,-8.477156676850210459e+00,-8.403546127819074840e+00
0.000000000000000000e+00,4.390616802972282073e+01,3.829827515437713714e+01
3.359311731812297808e+01,2.966691860483490117e+01,2.621138601073336361e+01
2.311190319591446496e+01,2.040583258972268510e+01,1.788156363589524744e+01
1.542707089024738210e+01,1.309852309855601149e+01,1.070019222060471442e+01
8.353141332921271811e+00,6.217292026169705110e+00,4.447793066550490337e+00
2.488384685056461709e+00,3.315728820306476643e-01,-1.480951752293931278e+00
-3.424593563306573607e+00,-5.492580587168293782e+00,-7.469124612086390336e+00
-9.191440488409826415e+00,-1.118853513865070859e+01,-1.339199790741028195e+01
-1.504579536361578818e+01,-1.680048193765868092e+01,-1.882202496915726186e+01
-2.092420250576778074e+01,-2.287009130500815246e+01,-2.502252130506948191e+01
-2.723958427329719711e+01,-2.934645451126859683e+01,-3.176820864836410863e+01
-3.419344396462351909e+01,-3.680182286276263426e+01,-3.969434947095312083e+01
-4.253212959458113573e+01,-4.516853987485247046e+01,-4.805800888823821282e+01
-5.064201118440824700e+01,-5.338405092737266955e+01,-5.620572235817844131e+01
-5.919402084922636931e+01,-6.216283773380261124e+01,-6.526294077414490857e+01
-6.826247003002436031e+01,-7.130419516632022692e+01,-7.434082926251596746e+01
-7.734482311450469183e+01,-8.072087619145135307e+01,-8.312757436728652749e+01
-8.630932555950691665e+01,-8.909319229039064680e+01,-9.178546248420826714e+01
-9.446327823365506049e+01,-9.721438473722055562e+01,-9.900208244439700422e+01
-1.006904113097247233e+02,-1.028631305277633601e+02,-1.055013729493870045e+02
-1.073423167135688772e+02,-1.092125880412736620e+02,-1.106147232851210731e+02
-1.124157903561413434e+02,-1.140388244839162724e+02,-1.160140088837517993e+02
-1.175236053180435079e+02,-1.188067888213293486e+02,-1.199171256809553086e+02
-1.207148815352073683e+02,-1.216175319780317636e+02,-1.231508273380240723e+02
-1.242854053922787472e+02,-1.248927967511269514e+02,-1.254618536274272600e+02
-1.263267918767635933e+02,-1.270715799762963343e+02,-1.279145183135312749e+02
-1.286582678552994707e+02,-1.292262805826978251e+02,-1.299363939373276082e+02
-1.304977754531220171e+02,-1.307163825174446004e+02,-1.317549238524171926e+02
-1.320616491795913134e+02,-1.326429563118408907e+02,-1.331240690704771623e+02
-1.334942847328083246e+02,-1.339795266585464049e+02,-1.343517645588027847e+02
-1.350703693298780195e+02,-1.357957219174451211e+02,-1.364943991867651505e+02
-1.369797706917719893e+02,-1.370939311001258716e+02,-1.372635294169304814e+02
-1.377590313496843635e+02,-1.377525835137635966e+02,-1.379335030566952014e+02
-1.381538465489641965e+02,-1.379376833759070280e+02,-1.382301933521554815e+02
-1.381476345950032680e+02,-1.381875069926717288e+02,-1.379951887629448493e+02
-1.379008028033631490e+02,-1.379104899718565491e+02,-1.378184236630771693e+02
-1.377096049030041627e+02,-1.375770484990125624e+02,-1.372590287527203827e+02
-1.370925798686291728e+02,-1.369520861326523971e+02,-1.367571057842058337e+02
-1.365682385963353340e+02,-1.363164695535678845e+02,-1.360028251550734240e+02
-1.355331243538813055e+02,-1.353460017929247101e+02,-1.350520246203051613e+02
-1.348417632833738651e+02,-1.344956183876019224e+02,-1.340378363313080570e+02
-1.337737380721701470e+02,-1.334657611718574799e+02,-1.330873794533331704e+02
-1.325938700521569160e+02,-1.323522432508917177e+02,-1.319696719245417569e+02
-1.313512912123456431e+02,-1.311658901632530956e+02,-1.305102910753140293e+02
-1.301007627130481694e+02,-1.297721389903683189e+02,-1.291676032461848820e+02
-1.288254989647612376e+02,-1.283186278431554399e+02,-1.278394224362490945e+02
-1.270884350004003664e+02,-1.264884938210420131e+02,-1.256966838680971392e+02
-1.250130032843452028e+02,-1.243930821184175244e+02,-1.237596849634937399e+02
-1.230069088092026419e+02,-1.223945244395076202e+02,-1.217735575886455166e+02
-1.212463596005095638e+02,-1.204538038793367889e+02,-1.199033443896032054e+02
-1.193200007386717658e+02,-1.187282294814903167e+02,-1.180611958733517639e+02
-1.173690718790926866e+02,-1.166041554133959721e+02,-1.158551287545602264e+02
-1.151178126840160019e+02,-1.144938852384635624e+02,-1.136424721931092421e+02
-1.129008412227846208e+02,-1.122197605456358218e+02,-1.115501098202850869e+02
-1.108829229517262007e+02,-1.102739807885276662e+02,-1.095296764881092884e+02
-1.088849015662952269e+02,-1.081610915397832287e+02,-1.074858914433899315e+02
-1.068802085101908119e+02,-1.062009714043144584e+02,-1.055572574659926062e+02
-1.049728843629846864e+02,-1.041140459986833520e+02,-1.034615522628399304e+02
-1.026496318119310445e+02,-1.020618292235456153e+02,-1.013856860111957445e+02
-1.006952342553975086e+02,-1.000374094911329053e+02,-9.943553142805664891e+01
-9.886702780051038530e+01,-9.823347902550365518e+01,-9.758627670814675525e+01
-9.699706162391579767e+01,-9.646376985988470665e+01,-9.593961312433430066e+01
-9.534240712927417860e+01,-9.486727951434821193e+01,-9.434177101764194617e+01
-9.394406490113551911e+01,-9.345249068130286219e+01,-9.313547059182302235e+01
-9.250424197637939017e+01,-9.188886084922036446e+01,-9.152184125129709003e+01
-9.127585048864295914e+01,-9.085536346116181505e+01,-9.029217732162915411e+01
-8.986831866798088697e+01,-8.933403263741990941e+01,-8.897663091560104931e+01
-8.863206628791033381e+01,-8.810236429159884608e+01,-8.756527229674736645e+01
-8.708696097928394408e+01,-8.696921931475814915e+01,-8.663973879922875199e+01
-8.640052020368774777e+01,-8.612985224164735598e+01,-8.578601628685069613e+01
-8.565789656842537170e+01,-8.552877983806058637e+01,-8.546056990946914311e+01
-8.538611866519870830e+01,-8.523084444183605513e+01,-8.522137637613488437e+01
-8.482101839102026020e+01,-8.467170498629783992e+01,-8.461672334758712566e+01
-8.450475970618171573e+01,-8.464108275569539330e+01,-8.472106149044400070e+01
-8.476911367193604008e+01,-8.482991791328738884e+01,-8.463947345798527522e+01
-8.457832993334874061e+01,-8.465538813993708800e+01,-8.494525668391180773e+01
-8.524833846348644784e+01,-8.560050206579455789e+01,-8.562914587405914801e+01
-8.566850743308960148e+01,-8.586114712270349969e+01,-8.610099984848704935e+01
-8.636850711387616286e+01,-8.648142786669767190e+01,-8.681925438183627364e+01
-8.717836676736838797e+01,-8.744540359181733891e+01,-8.752632995067580168e+01
-8.783134679759065477e+01,-8.838850644460663375e+01,-8.875188978426264441e+01
-8.892254538997836733e+01,-8.925567367390081586e+01,-8.986889624642380170e+01
-9.011493623151686450e+01,-9.005131875092291693e+01,-9.035385078430930150e+01
-9.103044405503445091e+01,-9.155063961789970506e+01,-9.177695927407191334e+01
-9.194451822438948341e+01,-9.237810364487853576e+01,-9.281307193361944030e+01
-9.327168399049965331e+01,-9.397920552036708841e+01,-9.474924696197395235e+01
-9.521472878482283875e+01,-9.577096173609064067e+01,-9.621264929693452927e+01
-9.658952212641793267e+01,-9.708484164050432241e+01,-9.763652064758048255e+01
-9.785589318883037890e+01,-9.832921441683794228e+01,-9.886149851236800146e+01
-9.950048720343187370e+01,-1.001727796048055694e+02,-1.006625691278505172e+02
-1.010294141016162257e+02,-1.013789576296425849e+02,-1.019466343742084860e+02
-1.027795472071923513e+02,-1.031723140963877938e+02,-1.039595809184502713e+02
-1.043087632436590866e+02,-1.046998942020085224e+02,-1.051616599180994172e+02
-1.055146548895613847e+02,-1.055288931010664015e+02,-1.061796893698740547e+02
-1.066913786639852475e+02,-1.073416259158741894e+02,-1.077165740872464852e+02
-1.081851384226790742e+02,-1.081568218743564245e+02,-1.086966927130459197e+02
-1.092522823461806638e+02,-1.096492614849935308e+02,-1.101257954503520011e+02
-1.104688502839497204e+02,-1.109426946309359749e+02,-1.109298393131259388e+02
-1.110329901468692952e+02,-1.114398408004817611e+02,-1.117793454756770331e+02
-1.118217824950008037e+02,-1.119181056335084463e+02,-1.119856796082061123e+02
-1.121671890679722168e+02,-1.127092256766400880e+02,-1.132605350007579688e+02
-1.133173843600247608e+02,-1.134233019700244682e+02,-1.135766231821040719e+02
-1.136150831314849796e+02,-1.136096329049006641e+02,-1.138384076562940521e+02
-1.141114872381638747e+02,-1.144214823193521369e+02,-1.144523110829062773e+02
-1.144738374924951358e+02,-1.145404713944248130e+02,-1.146231781620173393e+02
-1.144657853652572470e+02,-1.144689283503039405e+02,-1.144171448189102023e+02
-1.144295739627311264e+02,-1.143910732668569352e+02,-1.142563908331610492e+02
-1.141344992735499630e+02,-1.138961804488055805e+02,-1.138049410600707745e+02
-1.138253600298631909e+02,-1.135794269771773202e+02,-1.137583686094955056e+02
-1.136499454945437577e+02,-1.135546409410756326e+02,-1.134337431413843973e+02
-1.134087658780815246e+02,-1.132971979002375349e+02,-1.133756033036146391e+02
-1.132349064021279048e+02,-1.132609472101839572e+02,-1.131586704351933861e+02
-1.130076655751241788e+02,-1.129986541243399643e+02,-1.128854762928807105e+02
-1.126536135962818150e+02,-1.126861589722339829e+02,-1.122772151184523466e+02
-1.120666706544573117e+02,-1.120113468181606322e+02,-1.116081883621374402e+02
-1.114383415194648990e+02,-1.111418546096740698e+02,-1.110591078920646453e+02
-1.107298908494247343e+02,-1.105108183323954734e+02,-1.102416211916459048e+02
-1.099336370245266892e+02,-1.094828963249249227e+02,-1.091736437084998101e+02
-1.089290673753880867e+02,-1.086022854049597441e+02,-1.083931456317500874e+02
-1.082963370873246731e+02,-1.077886170461036528e+02,-1.074152540912283342e+02
-1.070954365374295918e+02,-1.067630999153233233e+02,-1.065980196422753181e+02
-1.064533118533191924e+02,-1.062207528800270495e+02,-1.059438875989542197e+02
-1.055928724174332984e+02,-1.050035266152668783e+02,-1.046679309274966272e+02
-1.045317994720937236e+02,-1.041175961307208979e+02,-1.038419002796364339e+02
-1.034654701614623349e+02,-1.031845455056175354e+02,-1.027363082645126582e+02
-1.022528922907000890e+02,-1.019261124718594687e+02,-1.014844668710100564e+02
-1.012412646857231806e+02,-1.007975267095659007e+02,-1.005092998647532312e+02
-1.001776142925014739e+02,-9.979856430593289929e+01,-9.943886506169089046e+01
-9.915249527703684862e+01,-9.895536810575416098e+01,-9.864414911515471829e+01
-9.822338534296396517e+01,-9.797824613813585870e+01,-9.771969538085988916e+01
-9.746286984183416280e+01,-9.720876978096841015e+01,-9.698387116898666704e+01
-9.674078428974964083e+01,-9.649090489174230356e+01,-9.628587491927774522e+01
-9.590360170883893431e+01,-9.571439989060274911e+01,-9.540237407175106910e+01
-9.523203784100574865e+01,-9.490472033165835342e+01,-9.448785443480481661e+01
-9.419818298975185655e+01,-9.378286339828963492e+01,-9.353883243839442230e+01
-9.337194795735564412e+01,-9.337128919284870676e+01,-9.325370274269207016e+01
-9.287011455747578736e+01,-9.258570499515022334e+01,-9.256040320486296480e+01
-9.237644039529146767e+01,-9.215565334585866708e+01,-9.210436256095205465e+01
-9.186190211891323543e+01,-9.171934194475777247e+01,-9.162981398754990892e+01
-9.147584776824990627e+01,-9.144817515279414977e+01,-9.134498156374547762e+01
-9.101360206802669950e+01,-9.083854893338991587e+01,-9.100250385921518159e+01
-9.099390057880297888e+01,-9.084720511725917902e+01,-9.052036756343406410e+01
-9.039817360411160507e+01,-9.040248808697064931e+01,-9.031760910726104896e+01
-9.026231591839631108e+01,-9.043158251021864658e+01,-9.023744157336848559e+01
-9.036372672999277711e+01,-9.053029297205048920e+01,-9.036051174107254269e+01
-9.054379688752015909e+01,-9.051288856048628872e+01,-9.060588717926411562e+01
-9.071319639679589386e+01,-9.076957381756500354e+01,-9.076879296818752607e+01
-9.092257439736201263e+01,-9.102771068348862116e+01,-9.128084164283433211e+01
-9.154879196313341083e+01,-9.176165312937371255e+01,-9.199456179412483436e+01
-9.197142672613591685e+01,-9.200804914387605038e+01,-9.238930535076234207e+01
-9.263226198981961090e+01,-9.254857143724944990e+01,-9.267252226852760089e+01
-9.304524871252374396e+01,-9.325019604310793397e+01,-9.338139873376401567e+01
-9.344303668126045181e+01,-9.382841786025677777e+01,-9.374842990458159875e+01
-9.382108763390196771e+01,-9.408810727116531325e+01,-9.443866329224891842e+01
-9.462132821078698441e+01,-9.478040562691690241e+01,-9.498984738198031152e+01
-9.474075985153864110e+01,-9.460746687147846501e+01,-9.488584654165605059e+01
-9.501087892620948594e+01,-9.553548168765304638e+01,-9.546458993004245031e+01
-9.566118212704351720e+01,-9.553094255794421485e+01,-9.577499609983237860e+01
-9.592539249018258829e+01,-9.628220460151976567e+01,-9.643597112598587273e+01
-9.663624894946688926e+01,-9.684115964016790201e+01,-9.728018290346710728e+01
-9.705516339955954663e+01,-9.722716916816160904e+01,-9.775766380434541247e+01
-9.804330070600174452e+01,-9.792479830492050041e+01,-9.807329861493084877e+01
-9.821804601450094196e+01,-9.823394935604764555e+01,-9.840460229698011574e+01
-9.860099800956481886e+01,-9.883988350843189608e+01,-9.898248720275343260e+01
-9.942824148645451032e+01,-9.976909508069826416e+01,-1.000419843433082008e+02
-1.001041458667500592e+02,-1.002846099370201642e+02,-1.004449723724101631e+02
-1.004545081771386066e+02,-1.005729673514606048e+02,-1.007236715264247806e+02
-1.010598064493125463e+02,-1.011193592748725933e+02,-1.013788825436195964e+02
-1.017259051597756496e+02,-1.019336613101338145e+02,-1.020718357403540608e+02
-1.022499652789036446e+02,-1.027264083785481148e+02,-1.028273685598262119e+02
-1.027310874843264372e+02,-1.028981643528733656e+02,-1.031744082356764238e+02
-1.036844204200498893e+02,-1.037899521467835910e+02,-1.038159613393232945e+02
-1.038654970151346362e+02,-1.037217838090145534e+02,-1.037158615755569002e+02
-1.038616761384541860e+02,-1.042369990621512414e+02,-1.041996137837830787e+02
-1.042415933644820427e+02,-1.044301707829818042e+02,-1.045785956642370422e+02
-1.046555955251503605e+02,-1.046925225326124291e+02,-1.046603543781484404e+02
-1.049140037324443000e+02,-1.049630069596938711e+02,-1.049130361447568447e+02
-1.050248263588977409e+02,-1.049735360769401353e+02,-1.048154273761808923e+02
-1.045761234899632512e+02,-1.048050982430826252e+02,-1.046422525383694477e+02
-1.047693191771796251e+02,-1.047821475377353693e+02,-1.049389876195518809e+02
-1.048233400935392154e+02,-1.047789004377201252e+02,-1.048595989911112980e+02
-1.044918773765531199e+02,-1.042398149796633220e+02,-1.043537936646925601e+02
-1.043500071782995775e+02,-1.043442181724514626e+02,-1.042888937333982966e+02
-1.045233612926757587e+02,-1.044500209675982632e+02,-1.043852118189646347e+02
-1.043079954819759791e+02,-1.042343131960332698e+02,-1.037905818820736954e+02
-1.055620526574211766e+02,-1.046225757751954575e+02,-1.040170763200157893e+02
-1.046698732945895784e+02,-1.052004741406507549e+02,-1.050719278665342813e+02
-1.059195051510074705e+02,-1.054710250745983160e+02,-1.053765428087113634e+02
-1.055831253258183295e+02,-1.059061693365914039e+02,-1.053591681054941915e+02
-1.051008914108671775e+02,-1.052566633445095761e+02,-1.050531013714773394e+02
-1.049715178454771376e+02,-1.050120887980009599e+02,-1.048720928662264242e+02
-1.047630316377473747e+02,-1.046225081490128588e+02,-1.044443360126779083e+02
-1.045695139104253286e+02,-1.043958682610223434e+02,-1.041558168569604419e+02
-1.041098062513281235e+02,-1.037366474254722704e+02,-1.036753865242926480e+02
-1.035356825564265932e+02,-1.032771922471920760e+02,-1.034313979555460321e+02
-1.031189290195572141e+02,-1.028208332835056069e+02,-1.028835730922646547e+02
-1.029033146190430443e+02,-1.029221978645150415e+02,-1.027391357742914693e+02
-1.023340301415628772e+02,-1.022169951947765156e+02,-1.020648839055517101e+02
-1.019509278908174821e+02,-1.017194552284673819e+02,-1.015622022962784854e+02
-1.014162915305694099e+02,-1.014133620521281784e+02,-1.014547389111359479e+02
